﻿<?xml version="1.0" encoding="utf-8" ?>
<ArrayOfProduct xmlns:xsi="http://www.w3.org/2001/XMLSchema-instance" xmlns:xsd="http://www.w3.org/2001/XMLSchema">
  <Product>
    <Name>Спичечный коробок</Name>
    <Description>Уникальный спичечный коробок</Description>
    <ImageFilePath>Images\Спички.jpg</ImageFilePath>
    <Cost>100</Cost>
    <Currency>RUR</Currency>
  </Product>
  <Product>
    <Name>Монна Лиза</Name>
    <Description>Монна Лиза Леонардо да Винчи</Description>
    <ImageFilePath>Images\Монна Лиза.jpg</ImageFilePath>
    <Cost>10000000</Cost>
    <Currency>RUR</Currency>
  </Product>
  <Product>
    <Name>Три богатыря</Name>
    <Description>Три богатыря Васнецов</Description>
    <ImageFilePath>Images\Три богатыря.jpg</ImageFilePath>
    <Cost>3000000</Cost>
    <Currency>EUR</Currency>
  </Product>
</ArrayOfProduct>